Source,Target,Weight
1,2,1
1,3,1
142,bollinatura,1
142,giallo,1
142,opposizioni,1
142,testo,1
16,ancora,1
16,due,1
16,errori,1
16,milioni,1
16,quasi,1
16,quota,1
18,mesi,1
19,48,1
19,Roma,1
19,diario,1
19,finiremmo,1
19,fredde,1
19,notti,1
19,ore,1
19,senza,1
19,soluzione,1
19,strade,1
19,stringersi,1
19,trovare,1
2,3,1
2,apre,1
2,condono,1
2,ipotesi,1
2,ripartire,1
2,ultimi,1
2,vorrei,1
2012,lavoriamo,1
2012,oscurità,1
2015,coronavirus,1
2015,scienziati,1
2015,vedere,1
21,15,1
24,2020,1
24,marzo,1
3,alimentari,1
3,aprile,1
3,aziende,1
3,difficile,1
3,dopoguerra,1
3,farmacie,1
3,premier,1
3,sfida,1
3,strategiche,1
400,M5S,1
400,Pd,1
400,controlla,1
400,fondi,1
400,miliardi,1
400,milioni,1
400,pochi,1
400,scontro,1
48,finiremmo,1
48,ore,1
48,senza,1
5,diretta,1
5,inseguimenti,1
5,pedone,1
5,polemica,1
5,spiaggia,1
50,confronto,1
50,intenso,1
50,mascherine,1
50,mila,1
50,miliardi,1
50,opposizioni,1
51,assunti,1
51,nuovi,1
51,strada,1
51%,italiani,1
55,bambini,1
55,liberare,1
5S,destra,1
5S,dialogo,1
5Stelle,favorevoli,1
5Stelle,stretta,1
8,16,1
8,ancora,1
8,aprile,1
8,due,1
8,errori,1
8,milioni,1
8,quasi,1
8,quota,1
Agenzia Entrate,aiuti,1
Agenzia Entrate,condono,1
Agenzia Entrate,lavora,1
Agenzia Entrate,nero,1
Bergamo,duro,1
Berlusconi,IV,1
Berlusconi,Mes,1
Berlusconi,approvare,1
Berlusconi,clamoroso,1
Berlusconi,ddl,1
Berlusconi,errore,1
Berlusconi,finita,1
Berlusconi,nazionale,1
Berlusconi,rinuncia,1
Berlusconi,rompono,1
Berlusconi,tregua,1
Berlusconi,unità,1
Bloccate,50,1
Bloccate,Gdf,1
Bloccate,mascherine,1
Bloccate,mila,1
Bottura,Salvini,1
Bottura,WhatsApp,1
Bottura,amici,1
Bottura,inoltro,1
Bottura,limiti,1
Bottura,pochi,1
Bottura,poco,1
Bottura,spam,1
Buoni,guerra,1
Castel Volturno,Cas,1
Castel Volturno,centri,1
Castel Volturno,quarantena,1
Chiesa,popolo,1
Ciriaco,Italia,1
Ciriaco,Mes,1
Ciriaco,Repubblica,1
Ciriaco,inadeguato,1
Ciriaco,interessata,1
Civitavecchia Tedesco,altre,1
Civitavecchia Tedesco,attracchi,1
Civitavecchia Tedesco,emergenze,1
Civitavecchia Tedesco,gestire,1
Civitavecchia Tedesco,possiamo,1
Civitavecchia Tedesco,sanitarie,1
Conte,2012,1
Conte,3,1
Conte,51%,1
Conte,Buoni,1
Conte,Ciriaco,1
Conte,Draghi,1
Conte,Firma,1
Conte,Gualtieri,2
Conte,Italia,1
Conte,Lega,1
Conte,M5s,2
Conte,Mattarella,1
Conte,Meloni,2
Conte,Mes,3
Conte,Parlamento,1
Conte,Renzi,2
Conte,Repubblica,1
Conte,Salvini,4
Conte,Tg,1
Conte,Ue,1
Conte,alimentari,1
Conte,approvato,1
Conte,aprile,2
Conte,aziende,1
Conte,bandiera,1
Conte,bene,1
Conte,buca,1
Conte,calano,1
Conte,censuro,1
Conte,centrodestra,2
Conte,comunicazione,1
Conte,critiche,1
Conte,decreto,1
Conte,differenza,1
Conte,difficile,1
Conte,discutere,1
Conte,dopoguerra,1
Conte,edilizia,1
Conte,falchi,1
Conte,farmacie,1
Conte,fiducia,1
Conte,fino,1
Conte,firmeranno,1
Conte,fiscale,1
Conte,furioso,1
Conte,governo,1
Conte,gradito,1
Conte,gravissimo,1
Conte,grazie,1
Conte,guerra,1
Conte,imprese,1
Conte,inadeguato,1
Conte,ingiustificato,1
Conte,interessata,1
Conte,intervenga,1
Conte,italiani,1
Conte,lavoriamo,1
Conte,leader,2
Conte,lettere,1
Conte,limitazioni,1
Conte,liquidità,1
Conte,mai,1
Conte,mezzo,1
Conte,negativo,1
Conte,notte,1
Conte,nuove,1
Conte,opposizioni,2
Conte,oscurità,1
Conte,ottobre,1
Conte,polemiche,1
Conte,politica,1
Conte,politiche,1
Conte,posta,1
Conte,predecessori,1
Conte,premier,2
Conte,presto,1
Conte,referendum,1
Conte,responsabilità,1
Conte,ringraziato,1
Conte,risponde,1
Conte,salvare,1
Conte,sanatoria,1
Conte,saputo,1
Conte,scorsa,1
Conte,settembre,1
Conte,sfida,1
Conte,sfiducia,1
Conte,stato,1
Conte,strategiche,1
Conte,tampone,1
Conte,telefona,1
Conte,toccata,1
Conte,trasmesso,1
Conte,tv,1
Conte,unanime,1
Conte,vedrà,1
Conte,virus,1
Conte,vite,1
Conte La,destra,1
Conte La,punta,1
Conte La,tecnici,1
Covid,19,1
Covid,48,1
Covid,essere,1
Covid,finiremmo,1
Covid,motivo,1
Covid,ore,1
Covid,senza,1
Covid,soluzione,1
Covid,trovare,1
Cura Italia,142,1
Cura Italia,Senato,1
Cura Italia,bollinatura,1
Cura Italia,cabina,1
Cura Italia,farsa,1
Cura Italia,fiducia,1
Cura Italia,giallo,1
Cura Italia,numero,1
Cura Italia,opposizioni,1
Cura Italia,portabilità,1
Cura Italia,pressing,1
Cura Italia,regia,1
Cura Italia,telefono,1
Cura Italia,testo,1
Cura Italia,velocemente,1
Cura Italia,vieta,1
Cura Italia,vota,1
Draghi,FT,1
Draghi,aiuto,1
Draghi,differenza,1
Draghi,felice,1
Draghi,giochi,1
Draghi,intervista,1
Draghi,nascere,1
Draghi,palazzo,1
Draghi,serve,1
Edi Rama,Conte,1
Edi Rama,bandiera,1
Edi Rama,bipartisan,1
Edi Rama,elogio,1
Edi Rama,italiana,1
Edi Rama,politica,1
Edi Rama,posta,1
Est,andrà,1
Est,avanti,1
Est,lockdown,1
Est,pochi,1
Est,resisteranno,1
Est,settimane,1
Fase,2,1
Fase,apre,1
Fase,condono,1
Fase,ipotesi,1
Fase,ripartire,1
Fase,ultimi,1
Fase,vorrei,1
Firma,M5s,1
Foa,Rai Palazzo Chigi,1
Foa,diktat,1
Foa,mai,1
Foa,risarcire,1
Foa,sovranisti,1
Foa,tv,1
Franceschini,Conte,1
Franceschini,comunicazione,1
Franceschini,critiche,1
Franceschini,difende,1
Franceschini,mai,1
Franceschini,predecessori,1
Franceschini,responsabilità,1
Franceschini,ringraziato,1
Franceschini,toccata,1
Gdf,50,1
Gdf,mascherine,1
Gdf,mila,1
Giambellino,berretto,1
Giambellino,premier,1
Giambellino,saputo,1
Giambellino,servizi,1
Giambellino,sociali,1
Giambellino,spiega,1
Governo,Mes,1
Governo,proposta,1
Governo,revoca,1
Governo,trattato,1
Governo,voti,1
Governo,vuole,1
Gualtieri,5S,1
Gualtieri,Draghi,1
Gualtieri,Malumori,1
Gualtieri,Meloni,1
Gualtieri,Mes,1
Gualtieri,Parlamento,1
Gualtieri,Renzi,1
Gualtieri,accordo,1
Gualtieri,attacca,1
Gualtieri,destra,1
Gualtieri,differenza,1
Gualtieri,firmeranno,1
Gualtieri,grazie,1
Gualtieri,mezzo,1
Gualtieri,politica,1
Gualtieri,sfiducia,1
Gualtieri,tradimento,1
Gualtieri,unanime,1
Gualtieri,vince,1
IV,Mes,1
IV,approvare,1
IV,ddl,1
IX,feste,1
IX,mascherine,1
IX,vietate,1
Il M5s,stabile,1
Inps,16,1
Inps,8,1
Inps,accesso,1
Inps,ancora,1
Inps,cittadini,1
Inps,due,1
Inps,errori,1
Inps,milioni,1
Inps,quasi,1
Inps,quota,1
Irini,Libia,1
Irini,armi,1
Irini,embargo,1
Irini,garantirà,1
Irini,missione,1
Italia,Berlusconi,1
Italia,Bruxelles,1
Italia,Lega,1
Italia,Mattarella,1
Italia,Meloni,1
Italia,Roma,1
Italia,Salvini,1
Italia,contagi,1
Italia,emendamenti,1
Italia,interessata,1
Italia,monito,1
Italia,morti,1
Italia,news,1
Italia,nonostante,1
Italia,oggi,1
Italia,pioggia,1
Italia,situazione,1
Italia,tutte,1
Juncker,coronabond,1
Juncker,migliore,1
Juncker,solidarietà,1
La7,15,1
La7,21,1
Landini,Est,1
Landini,Nord,1
Landini,andrà,1
Landini,avanti,1
Landini,lockdown,1
Landini,pochi,1
Landini,resisteranno,1
Landini,settimane,1
Lateral,19,1
Lateral,48,1
Lateral,8,1
Lateral,Bottura,1
Lateral,Covid,1
Lateral,Letta,1
Lateral,Luca Bottura,1
Lateral,Salvini,1
Lateral,WhatsApp,1
Lateral,amici,1
Lateral,aprile,1
Lateral,casalinga,1
Lateral,crisi,1
Lateral,finiremmo,1
Lateral,inoltro,1
Lateral,integrale,1
Lateral,limiti,1
Lateral,ore,1
Lateral,pochi,1
Lateral,poco,1
Lateral,rassegna,1
Lateral,senza,1
Lateral,soluzione,1
Lateral,spam,1
Lateral,stampa,1
Lateral,trovare,1
Le Monde,attacca,1
Le Monde,vergogna,1
Lega,51%,1
Lega,5S,1
Lega,Berlusconi,1
Lega,Conte,1
Lega,Cura Italia,1
Lega,Il M5s,1
Lega,M5s,1
Lega,Meloni,1
Lega,Pd,1
Lega,Pressing,1
Lega,ancora,1
Lega,anti,1
Lega,attacca,1
Lega,boicotta,1
Lega,bonus,1
Lega,decreti,1
Lega,destra,1
Lega,dialogo,1
Lega,emendamento,1
Lega,famiglia,1
Lega,gradito,1
Lega,intesa,1
Lega,italiani,1
Lega,iter,1
Lega,leader,1
Lega,medici,1
Lega,numero,1
Lega,oggi,1
Lega,portabilità,1
Lega,propongono,1
Lega,sale,1
Lega,semplificato,1
Lega,sempre,1
Lega,stabile,1
Lega,telefono,1
Lega,vieta,1
Lega,virus,1
Leonardo,2015,1
Leonardo,cinese,1
Leonardo,coronavirus,1
Leonardo,esperimento,1
Leonardo,scienziati,1
Leonardo,vedere,1
Letta,19,1
Letta,48,1
Letta,Covid,1
Letta,crisi,1
Letta,finiremmo,1
Letta,ore,1
Letta,senza,1
Letta,soluzione,1
Letta,trovare,1
Lombardia,Le Monde,1
Lombardia,Verdi,1
Lombardia,anziani,1
Lombardia,attacca,1
Lombardia,contagiati,1
Lombardia,davanti,1
Lombardia,esposto,1
Lombardia,pazienti,1
Lombardia,possiamo,1
Lombardia,residenze,1
Lombardia,strage,1
Lombardia,tacere,1
Lombardia,vergogna,1
Luca Bottura,8,1
Luca Bottura,aprile,1
Luca Bottura,integrale,1
Luzzati,Repubblica,1
Luzzati,articoli,1
Luzzati,ispirate,1
Luzzati,italiani,1
Luzzati,medici,1
Luzzati,vignette,1
M5S,Meloni,1
M5S,Pd,1
M5S,Salvini,1
M5S,controlla,1
M5S,destra,1
M5S,distanzia,1
M5S,fondi,1
M5s,Cura Italia,1
M5s,Salvini,1
M5s,Senato,1
M5s,Tg,1
M5s,attacca,1
M5s,bagarre,1
M5s,centrodestra,1
M5s,emendamento,1
M5s,incoerenza,1
M5s,ingiustificato,1
M5s,monumento,1
M5s,numero,1
M5s,portabilità,1
M5s,propongono,1
M5s,scatta,1
M5s,telefono,1
M5s,vieta,1
Maio,dissoci,1
Maio,partner,1
Maio,vergognosi,1
Malumori,5S,1
Mattarella,5Stelle,1
Mattarella,Bergamo,1
Mattarella,accettiamo,1
Mattarella,caos,1
Mattarella,collaborare,1
Mattarella,contagio,1
Mattarella,devono,1
Mattarella,duro,1
Mattarella,favorevoli,1
Mattarella,governo,1
Mattarella,gravissimo,1
Mattarella,istituzioni,1
Mattarella,leader,1
Mattarella,opposizione,1
Mattarella,opposizioni,1
Mattarella,riparo,1
Mattarella,sente,1
Mattarella,sindaco,1
Mattarella,solidarietà,1
Mattarella,solitudine,1
Mattarella,stretta,1
Mattarella,tenere,1
Mattarella,unità,1
Mef,necessari,1
Mef,polemiche,1
Meloni,2012,1
Meloni,5S,1
Meloni,5Stelle,1
Meloni,Berlusconi,1
Meloni,Malumori,1
Meloni,Mattarella,1
Meloni,Mes,1
Meloni,Salvini,1
Meloni,appella,1
Meloni,approvato,1
Meloni,distanzia,1
Meloni,favorevoli,1
Meloni,lavoriamo,1
Meloni,leghista,1
Meloni,notte,1
Meloni,oscurità,1
Meloni,saputo,1
Meloni,scorsa,1
Meloni,stato,1
Meloni,stretta,1
Meloni,tradimento,1
Meloni,trasmesso,1
Mentana,Conte,1
Mentana,buca,1
Mentana,censuro,1
Mentana,lettere,1
Mentana,polemiche,1
Mentana,politiche,1
Mentana,replica,1
Mentana,tv,1
Mes,2012,1
Mes,Berlusconi,1
Mes,Eurobond,1
Mes,Italia,1
Mes,Meloni,1
Mes,Parlamento,1
Mes,Salvini,1
Mes,adeguato,1
Mes,approvato,1
Mes,bisogno,1
Mes,clamoroso,1
Mes,condizionalità,1
Mes,errore,1
Mes,inadeguato,1
Mes,interessata,1
Mes,lavoriamo,1
Mes,morbido,1
Mes,notte,1
Mes,oscurità,1
Mes,proposta,1
Mes,revoca,1
Mes,rinuncia,1
Mes,sanità,1
Mes,scorsa,1
Mes,senza,1
Mes,sfiducia,1
Mes,soldi,1
Mes,stato,1
Mes,trattato,1
Mes,voti,1
Milano,annuncia,1
Milano,bambini,1
Milano,errore,1
Milano,ferma,1
Milano,genitori,1
Milano,ospitare,1
Milano,ricoverati,1
Milano,stato,1
Milano,struttura,1
Nord,Est,1
Nord,andrà,1
Nord,avanti,1
Nord,errore,1
Nord,lockdown,1
Nord,pochi,1
Nord,politico,1
Nord,resisteranno,1
Nord,settimane,1
Orban,Pd,1
Orban,Salvini,1
Orban,autoritario,1
Orban,difende,1
Orban,parte,1
Orban,regime,1
Orban,scelta,1
Orbán,europei,1
Orbán,fondi,1
Orbán,record,1
Paese,cambi,2
Paese,caos,2
Paese,civile,2
Paese,idea,2
Paese,ora,2
Palazzo Chigi,aprile,1
Palazzo Chigi,coinvolte,1
Palazzo Chigi,decreto,1
Palazzo Chigi,distanze,1
Palazzo Chigi,opposizioni,1
Palazzo Chigi,restano,1
Papa,Draghi,1
Papa,disse,1
Papa,dopo,1
Papa,proposta,1
Papa,serve,1
Pasqua,Dio,1
Pasqua,Salvini,1
Pasqua,bagno,1
Pasqua,basta,2
Pasqua,buon,1
Pasqua,crociata,1
Pasqua,fedele,1
Pasqua,polemica,1
Pasqua,pregare,1
Pasqua,scienza,2
Pasqua,serve,1
Pasqua,sola,1
Pasqua,subito,1
Pasqua,ultima,1
Pd,51%,1
Pd,5S,2
Pd,Conte,1
Pd,Lega,1
Pd,M5S,1
Pd,Meloni,1
Pd,Salvini,2
Pd,attaccano,2
Pd,autoritario,1
Pd,controlla,1
Pd,crescita,1
Pd,destra,2
Pd,dialogo,1
Pd,difende,1
Pd,diritto,2
Pd,distanzia,1
Pd,fondi,1
Pd,gradito,1
Pd,italiani,1
Pd,leader,1
Pd,parte,1
Pd,regime,1
Pd,scelta,1
Pd,spesa,2
Perilli,M5s,1
Perilli,Salvini,1
Perilli,Senato,1
Perilli,attacca,1
Perilli,bagarre,1
Perilli,incoerenza,1
Perilli,monumento,1
Perilli,scatta,1
Pietro,Papa,1
Pietro,scelta,1
Pietro,serve,1
Pietro,vuota,1
Pio,IX,1
Pio,feste,1
Pio,mascherine,1
Pio,vietate,1
Pomeriggio,5,1
Pomeriggio,diretta,1
Pomeriggio,inseguimenti,1
Pomeriggio,pedone,1
Pomeriggio,polemica,1
Pomeriggio,spiaggia,1
Pressing,5S,1
Pressing,Pd,1
Pressing,destra,1
Pressing,dialogo,1
R,Giambellino,1
R,berretto,1
R,premier,1
R,saputo,1
R,servizi,1
R,sociali,1
R,spiega,1
R,via,1
Rai Palazzo Chigi,diktat,1
Rai Palazzo Chigi,mai,1
Rai Palazzo Chigi,tv,1
Renzi,Conte La,1
Renzi,Draghi,1
Renzi,Lega,1
Renzi,accelera,1
Renzi,assedio,1
Renzi,destra,1
Renzi,differenza,1
Renzi,grazie,1
Renzi,politica,1
Renzi,punta,1
Renzi,riparte,1
Renzi,tecnici,1
Renzi,unanime,1
Repubblica,Italia,1
Repubblica,Mes,1
Repubblica,Paese,2
Repubblica,civile,2
Repubblica,inadeguato,1
Repubblica,indegne,2
Repubblica,interessata,1
Repubblica,istituzioni,2
Repubblica,partiti,2
Repubblica Due,email,1
Repubblica Due,lettere,1
Repubblica Due,mesi,1
Repubblica Due,minacce,1
Roma,Bruxelles,1
Roma,Pd,2
Roma,arrivano,1
Roma,attaccano,2
Roma,briciole,1
Roma,diritto,2
Roma,fidanzata,3
Roma,fredde,1
Roma,notti,1
Roma,polemica,1
Roma,solo,1
Roma,spesa,2
Roma,stringersi,1
Ruffini,Agenzia Entrate,1
Ruffini,aiuti,1
Ruffini,condono,1
Ruffini,lavora,1
Ruffini,nero,1
Sala,Fontana,1
Sala,Milano,1
Sala,Salvini,1
Sala,Zaia,1
Sala,accordo,1
Sala,annuncia,1
Sala,bambini,1
Sala,chiedilo,1
Sala,chiese,1
Sala,errore,1
Sala,ferma,1
Sala,genitori,1
Sala,guidare,1
Sala,ospitare,1
Sala,riapertura,1
Sala,ricoverati,1
Sala,rinascita,1
Sala,stato,1
Sala,struttura,1
Sala,tocca,1
Sala,video,1
Salvini,2012,1
Salvini,5S,1
Salvini,5Stelle,1
Salvini,Berlusconi,2
Salvini,Conte,1
Salvini,Conte La,1
Salvini,Dio,1
Salvini,Draghi,2
Salvini,FT,1
Salvini,Facebook,1
Salvini,Foa,1
Salvini,Fontana,1
Salvini,Governo,1
Salvini,Gualtieri,2
Salvini,Lega,1
Salvini,Maio,1
Salvini,Mattarella,2
Salvini,Meloni,5
Salvini,Mes,3
Salvini,Parlamento,1
Salvini,Pasqua,2
Salvini,Pd,3
Salvini,Rai Palazzo Chigi,1
Salvini,Renzi,2
Salvini,Roma,2
Salvini,Senato,1
Salvini,Zaia,1
Salvini,accordo,1
Salvini,aiuto,1
Salvini,amici,1
Salvini,ancora,1
Salvini,aperte,2
Salvini,appella,1
Salvini,approvato,1
Salvini,assedio,1
Salvini,assessori,1
Salvini,attaccano,2
Salvini,bagarre,1
Salvini,bagno,1
Salvini,balcone,1
Salvini,basta,1
Salvini,battaglia,1
Salvini,buon,1
Salvini,casa,1
Salvini,chiedilo,1
Salvini,chiese,3
Salvini,chiudere,1
Salvini,collaborativi,1
Salvini,credenti,1
Salvini,critiche,1
Salvini,destra,1
Salvini,difende,1
Salvini,differenza,1
Salvini,diktat,1
Salvini,diretta,3
Salvini,diritto,2
Salvini,essere,1
Salvini,eterno,1
Salvini,favorevoli,1
Salvini,fedele,1
Salvini,felice,1
Salvini,fidanzata,2
Salvini,finita,1
Salvini,firmeranno,1
Salvini,foto,1
Salvini,giro,1
Salvini,gravissimo,1
Salvini,grazie,1
Salvini,guerriglia,1
Salvini,ieri,1
Salvini,imbarazzo,1
Salvini,incoerenza,1
Salvini,infuriare,1
Salvini,intervista,1
Salvini,italiani,1
Salvini,lavoriamo,1
Salvini,leghista,1
Salvini,maggioranza,1
Salvini,mai,1
Salvini,messa,1
Salvini,mezzo,1
Salvini,milioni,1
Salvini,modera,1
Salvini,monumento,1
Salvini,nascere,1
Salvini,nazionale,1
Salvini,notte,1
Salvini,occhi,1
Salvini,oggi,1
Salvini,oscurità,1
Salvini,partiti,1
Salvini,partner,1
Salvini,pochi,1
Salvini,poco,1
Salvini,polemica,1
Salvini,politica,1
Salvini,pregare,1
Salvini,presa,1
Salvini,promette,1
Salvini,proposta,1
Salvini,provano,1
Salvini,punta,1
Salvini,recitato,1
Salvini,remoto,1
Salvini,revoca,1
Salvini,riapertura,1
Salvini,ricordo,1
Salvini,riparte,1
Salvini,riposo,1
Salvini,risarcire,1
Salvini,rompono,1
Salvini,salutare,1
Salvini,saputo,1
Salvini,scatta,1
Salvini,sceglie,1
Salvini,scelta,1
Salvini,scienza,1
Salvini,scorsa,1
Salvini,senza,1
Salvini,serve,2
Salvini,sfiducia,1
Salvini,social,1
Salvini,sola,1
Salvini,solo,1
Salvini,sommersi,1
Salvini,sovranisti,1
Salvini,spam,1
Salvini,spasso,2
Salvini,spesa,2
Salvini,stato,1
Salvini,stretta,1
Salvini,stron,1
Salvini,subito,1
Salvini,tecnici,1
Salvini,telefona,1
Salvini,toni,1
Salvini,trasmesso,1
Salvini,trattato,1
Salvini,tregua,1
Salvini,tv,1
Salvini,unanime,1
Salvini,unità,1
Salvini,urlo,1
Salvini,via,1
Salvini,vicino,1
Salvini,voti,1
Salvini,votiamo,1
Salvini,vuole,2
Sassoli,Maio,1
Sassoli,Salvini,1
Sassoli,alcuni,1
Sassoli,egoismo,1
Sassoli,governi,1
Sassoli,partner,1
Sassoli,salutare,1
Saviano,Le Monde,1
Saviano,Lombardia,1
Saviano,attacca,1
Saviano,critica,1
Saviano,modello,1
Saviano,vergogna,1
Senato,142,1
Senato,50,1
Senato,Berlusconi,1
Senato,Salvini,1
Senato,bagarre,1
Senato,bollinatura,1
Senato,confronto,1
Senato,fiducia,1
Senato,finita,1
Senato,giallo,1
Senato,intenso,1
Senato,miliardi,1
Senato,nazionale,1
Senato,opposizioni,2
Senato,rompono,1
Senato,scatta,1
Senato,testo,1
Senato,tregua,1
Senato,unità,1
Senato,vota,1
Strasburgo,Verdelli,1
Strasburgo,democrazia,1
Strasburgo,minacce,1
Tg,centrodestra,1
Tg,ingiustificato,1
Tridico,difende,1
Tridico,hacker,1
Trifoli,denunciato,1
Trifoli,donna,1
Trifoli,sfrattato,1
Twitter,cancella,1
Twitter,fake,1
Twitter,leader,1
Twitter,news,1
Twitter,politici,1
Twitter Cancellate,fake,1
Twitter Cancellate,leader,1
Twitter Cancellate,news,1
Twitter Cancellate,politici,1
Ue,Berlusconi,1
Ue,IV,1
Ue,Mes,1
Ue,approvare,1
Ue,ddl,1
Ue,governo,1
Ue,precisa,1
Verdelli,democrazia,1
Verdi,davanti,1
Verdi,possiamo,1
Verdi,strage,1
Verdi,tacere,1
Vigilanza,Conte,1
Vigilanza,M5s,1
Vigilanza,Tg,1
Vigilanza,attacco,1
Vigilanza,centrodestra,1
Vigilanza,dopo,1
Vigilanza,ingiustificato,1
Vigilanza,opposizioni,1
Welt,Maio,1
Welt,aiuti,1
Welt,aspetta,1
Welt,dissoci,1
Welt,europei,1
Welt,mafia,1
Welt,vergognosi,1
WhatsApp,Salvini,1
WhatsApp,amici,1
WhatsApp,inoltro,1
WhatsApp,limiti,1
WhatsApp,pochi,1
WhatsApp,poco,1
WhatsApp,spam,1
Zaia,Fontana,1
accatastati,città,1
accatastati,ferita,1
accesso,16,1
accesso,8,1
accesso,ancora,1
accesso,cittadini,1
accesso,due,1
accesso,errori,1
accesso,milioni,1
accesso,quasi,1
accesso,quota,1
accettiamo,contagio,1
accettiamo,solidarietà,1
accordo,5S,1
accordo,Fontana,1
accordo,Malumori,1
accordo,Meloni,1
accordo,Zaia,1
accordo,attacca,1
accordo,chiedilo,1
accordo,destra,1
accordo,tradimento,1
accordo,vince,1
accusati,Libia,1
accusati,aver,1
accusati,costretto,1
accusati,nave,1
accusati,soccorsi,1
accusati,terrorismo,1
accusati,tornre,1
adeguato,Meloni,1
adeguato,Salvini,1
adeguato,bisogno,1
affidati,400,1
affidati,milioni,1
affidati,pochi,1
affidati,servizi,1
affidati,sindaci,1
affidati,sociali,1
agente,Conte,1
agente,bene,1
agente,negativo,1
agente,premier,1
agente,scorta,1
agente,tampone,1
aiuti,Maio,1
aiuti,condono,1
aiuti,dissoci,1
aiuti,europei,1
aiuti,lavora,1
aiuti,nero,1
aiuti,vergognosi,1
aiuto,FT,1
aiuto,felice,1
aiuto,intervista,1
aiuto,nascere,1
alcuni,Maio,1
alcuni,Salvini,1
alcuni,governi,1
alcuni,partner,1
alcuni,salutare,1
alimentari,difficile,1
alimentari,dopoguerra,1
alimentari,farmacie,1
alimentari,premier,1
alimentari,sfida,1
allarga,Merkel,1
allarga,fronte,1
allarga,quattordici,1
allarme,Strasburgo,1
allarme,Verdelli,1
allarme,democrazia,1
allarme,minacce,1
altre,chiusure,1
altre,emergenze,1
altre,sanitarie,1
altre,scelta,1
altre,spetta,1
amministrative,candidati,1
amministrative,ottobre,1
amministrative,regioni,1
amministrative,voto,1
amministratori,Mef,1
amministratori,bonus,1
amministratori,centrodestra,1
amministratori,giro,1
amministratori,governo,1
amministratori,necessari,1
amministratori,polemiche,1
ancora,5S,1
ancora,Conte,1
ancora,Libia,1
ancora,Pd,1
ancora,Pressing,1
ancora,Resta,1
ancora,Roma,1
ancora,Salvini,1
ancora,accusati,1
ancora,arrivano,1
ancora,aver,1
ancora,battaglia,1
ancora,briciole,1
ancora,costretto,1
ancora,destra,1
ancora,dialogo,1
ancora,errori,1
ancora,fiducia,1
ancora,governo,1
ancora,gradimento,1
ancora,limitazioni,1
ancora,maggioranza,1
ancora,messa,1
ancora,nave,1
ancora,nuove,1
ancora,partiti,1
ancora,remoto,1
ancora,rettore,1
ancora,soccorsi,1
ancora,solo,2
ancora,terrorismo,1
ancora,tornre,1
ancora,virus,1
andrà,avanti,1
andrà,pochi,1
andrà,resisteranno,1
andrà,settimane,1
anno,18,1
anno,braccialetto,1
anno,davanti,1
anno,mesi,1
anno,solo,1
annuncia,bambini,1
annuncia,genitori,1
annuncia,ospitare,1
annuncia,ricoverati,1
annuncia,struttura,1
anti,virus,1
anziani,Verdi,1
anziani,davanti,1
anziani,esposto,1
anziani,possiamo,1
anziani,strage,1
anziani,tacere,1
aperte,Dio,1
aperte,Pasqua,4
aperte,Salvini,1
aperte,bagno,1
aperte,basta,2
aperte,buon,1
aperte,crociata,1
aperte,fedele,1
aperte,polemica,1
aperte,pregare,1
aperte,scienza,2
aperte,serve,1
aperte,sola,1
aperte,subito,1
aperte,ultima,1
appella,5Stelle,1
appella,Mattarella,1
appella,favorevoli,1
appella,stretta,1
appello,Conte,1
appello,Firma,1
appello,M5s,1
appello,intervenga,1
appello,parlamentari,1
appello,presto,1
appello,salvare,1
appello,vite,1
approvare,Mes,1
approvare,ddl,1
approvato,2012,1
approvato,lavoriamo,1
approvato,notte,1
approvato,oscurità,1
approvato,scorsa,1
apre,condono,1
apre,ipotesi,1
apre,opposizioni,1
aprile,alimentari,1
aprile,apre,1
aprile,aziende,1
aprile,difficile,1
aprile,distanze,1
aprile,dopoguerra,1
aprile,farmacie,1
aprile,opposizioni,1
aprile,premier,1
aprile,restano,1
aprile,sfida,1
aprile,strategiche,1
armi,Libia,1
arriva,primavera,1
arrivano,briciole,1
arrivano,buoni,1
arrivano,lombardi,1
arrivano,soldi,1
arrivano,solo,1
articoli,Repubblica,1
aspetta,Maio,1
aspetta,aiuti,1
aspetta,dissoci,1
aspetta,europei,1
aspetta,vergognosi,1
assedio,Conte La,1
assedio,destra,1
assedio,punta,1
assedio,tecnici,1
assessori,ancora,1
assessori,battaglia,1
assessori,maggioranza,1
assessori,partiti,1
assunti,strada,1
assunzione,attendere,1
assunzione,fragole,1
assunzione,possono,1
attacca,5S,2
attacca,Malumori,1
attacca,Meloni,1
attacca,Pd,1
attacca,Pressing,1
attacca,Salvini,1
attacca,Senato,1
attacca,ancora,1
attacca,bagarre,1
attacca,destra,1
attacca,dialogo,1
attacca,incoerenza,1
attacca,monumento,1
attacca,scatta,1
attacca,tradimento,1
attacca,vergogna,1
attaccano,diritto,2
attaccano,spesa,2
attacco,50,1
attacco,Bloccate,1
attacco,Conte,2
attacco,Gdf,1
attacco,M5s,1
attacco,Meloni,1
attacco,Salvini,1
attacco,Tg,1
attacco,centrodestra,1
attacco,ingiustificato,1
attacco,mascherine,1
attacco,mila,1
attacco,opposizioni,1
attacco,saputo,1
attacco,trasmesso,1
attende,Sala,1
attende,guidare,1
attende,rinascita,1
attende,soluzioni,1
attende,tocca,1
attracchi,altre,1
attracchi,emergenze,1
attracchi,gestire,1
attracchi,possiamo,1
attracchi,sanitarie,1
aumenta,Conte,1
aumenta,Lega,1
aumenta,Renzi,1
aumenta,calano,1
aumenta,fiducia,1
aumenta,governo,1
aumento,M5S,1
aumento,Meloni,1
aumento,Pd,1
aumento,Salvini,1
aumento,destra,1
aumento,distanzia,1
autonomi,apre,1
autonomi,aprile,1
autonomi,opposizioni,1
autoritario,Salvini,1
autoritario,difende,1
autoritario,parte,1
autoritario,scelta,1
avanti,pochi,1
avanti,resisteranno,1
avanti,settimane,1
aver,Libia,1
aver,costretto,1
aver,nave,1
aver,soccorsi,1
aver,tornre,1
aziende,alimentari,1
aziende,difficile,1
aziende,dopoguerra,1
aziende,farmacie,1
aziende,premier,1
aziende,sfida,1
aziende,strategiche,1
badante,fame,1
badante,muovermi,1
badante,permesso,1
badante,senza,1
badante,soldi,1
bagno,fedele,1
balcone,casa,1
balcone,stron,1
balcone,urlo,1
balcone,vicino,1
bambini,genitori,1
bambini,liberare,1
bambini,ricoverati,1
basta,Dio,1
basta,Salvini,1
basta,buon,1
basta,crociata,1
basta,polemica,1
basta,serve,1
basta,subito,1
basta,ultima,1
battaglia,maggioranza,1
battaglia,partiti,1
bella,2020,1
bella,24,1
bella,martedì,1
bella,marzo,1
bene,negativo,1
bene,tampone,1
berretto,premier,1
berretto,saputo,1
berretto,servizi,1
berretto,sociali,1
berretto,spiega,1
bipartisan,Conte,1
bipartisan,bandiera,1
bipartisan,italiana,1
bipartisan,politica,1
bipartisan,posta,1
bisogno,Meloni,1
bisogno,Salvini,1
boicotta,anti,1
boicotta,decreti,1
boicotta,intesa,1
boicotta,iter,1
boicotta,semplificato,1
boicotta,virus,1
bollinatura,testo,1
bonus,Mef,1
bonus,famiglia,1
bonus,giro,1
bonus,governo,1
bonus,medici,1
bonus,necessari,1
bonus,polemiche,1
boss,Zen,1
boss,spesa,1
braccialetto,18,1
braccialetto,davanti,1
braccialetto,mesi,1
braccialetto,solo,1
buca,lettere,1
buca,polemiche,1
buca,politiche,1
buon,Dio,1
buoni,lombardi,1
burocrazia,cambiare,1
burocrazia,marcia,1
burocrazia,passo,1
burocrazia,primo,1
cabina,regia,1
cabina,velocemente,1
calano,Lega,1
calano,Renzi,1
cambi,idea,2
cambiare,marcia,1
cambiata,casa,1
cambiata,geografia,1
campo,Irini,1
campo,Libia,1
campo,armi,1
campo,embargo,1
campo,garantirà,1
campo,missione,1
cancella,fake,1
cancella,leader,1
cancella,news,1
cancella,politici,1
casa,finiti,1
casa,rider,1
casa,sicura,1
casa,strada,1
casa,stron,1
casalinga,8,1
casalinga,Luca Bottura,1
casalinga,aprile,1
casalinga,integrale,1
caso,Matteo,2
cattive,intenzioni,1
cavalca,crisi,1
cavalca,edilizio,1
cavalca,fiscale,1
censuro,buca,1
censuro,lettere,1
censuro,polemiche,1
censuro,politiche,1
censuro,tv,1
centri,Cas,1
centrodestra,Mef,1
centrodestra,Resta,1
centrodestra,ancora,1
centrodestra,aprile,1
centrodestra,bonus,1
centrodestra,decreto,1
centrodestra,discutere,1
centrodestra,giro,1
centrodestra,governo,1
centrodestra,ingiustificato,1
centrodestra,necessari,1
centrodestra,polemiche,1
centrodestra,rettore,1
cerca,Tridico,1
cerca,colpevole,1
cerca,difende,1
cerca,hacker,1
chiarezza,accatastati,1
chiarezza,città,1
chiarezza,corpi,1
chiarezza,ferita,1
chiede,accatastati,1
chiede,chiarezza,1
chiede,città,1
chiede,corpi,1
chiede,ferita,1
chiedilo,Fontana,1
chiedilo,Zaia,1
chiese,Dio,1
chiese,Fontana,1
chiese,Pasqua,2
chiese,Zaia,1
chiese,accordo,1
chiese,aperte,2
chiese,bagno,1
chiese,basta,1
chiese,buon,1
chiese,chiedilo,1
chiese,fedele,1
chiese,pregare,1
chiese,scienza,1
chiese,serve,1
chiese,sola,1
chiudere,occhi,1
chiusi,Covid,1
chiusi,coronavirus,1
chiusi,essere,1
chiusi,motivo,1
chiusure,scelta,1
chiusure,spetta,1
cinese,2015,1
cinese,coronavirus,1
cinese,scienziati,1
cinese,vedere,1
cittadini,16,1
cittadini,8,1
cittadini,ancora,1
cittadini,due,1
cittadini,errori,1
cittadini,milioni,1
cittadini,quasi,1
cittadini,quota,1
clima,Salvini,1
clima,guerriglia,1
clima,promette,1
clima,scontro,1
coinvolte,aprile,1
coinvolte,decreto,1
coinvolte,distanze,1
coinvolte,restano,1
collaborativi,chiudere,1
collaborativi,occhi,1
collaborativi,senza,1
colpevole,Tridico,1
colpevole,difende,1
colpevole,hacker,1
colpisce,deboli,1
colpisce,privatizzata,1
colpisce,sanità,1
compromesso,Eurobond,1
compromesso,Mes,1
compromesso,morbido,1
comunicazione,mai,1
comunicazione,predecessori,1
comunicazione,responsabilità,1
comunicazione,ringraziato,1
comunicazione,toccata,1
condizionalità,Berlusconi,1
condizionalità,clamoroso,1
condizionalità,errore,1
condizionalità,rinuncia,1
condono,costo,1
condono,ogni,1
confronto,intenso,1
confronto,opposizioni,1
contagi,morti,1
contagi,news,1
contagi,situazione,1
contagi,tutte,1
contagiati,Verdi,1
contagiati,anziani,1
contagiati,davanti,1
contagiati,esposto,1
contagiati,possiamo,1
contagiati,residenze,1
contagiati,strage,1
contagiati,tacere,1
contagio,solidarietà,1
controlla,fondi,1
coronabond,migliore,1
coronabond,solidarietà,1
coronavirus,Covid,1
coronavirus,essere,1
coronavirus,motivo,1
corpi,accatastati,1
corpi,città,1
corpi,ferita,1
corsa,Resta,1
corsa,ancora,1
corsa,centrodestra,1
corsa,favorito,1
corsa,rettore,1
corsa,sindaco,1
cosa,2020,1
cosa,24,1
cosa,bella,1
cosa,martedì,1
cosa,marzo,1
costretto,Libia,1
costretto,nave,1
costretto,soccorsi,1
costretto,tornre,1
cresce,Conte,1
cresce,ancora,1
cresce,fiducia,1
cresce,governo,1
cresce,gradimento,1
cresce,limitazioni,1
cresce,nuove,1
cresce,virus,1
crescita,51%,1
crescita,Conte,1
crescita,Lega,1
crescita,gradito,1
crescita,italiani,1
crescita,leader,1
crisi,19,1
crisi,48,1
crisi,Covid,1
crisi,edilizio,1
crisi,finiremmo,1
crisi,fiscale,1
crisi,individuali,1
crisi,libertà,1
crisi,ore,1
crisi,rafforzare,1
crisi,ricerca,1
crisi,sanità,1
crisi,senza,1
crisi,soluzione,1
crisi,trovare,1
critica,Le Monde,1
critica,Lombardia,1
critica,attacca,1
critica,modello,1
critica,vergogna,1
critiche,comunicazione,1
critiche,diretta,1
critiche,mai,1
critiche,predecessori,1
critiche,recitato,1
critiche,responsabilità,1
critiche,ringraziato,1
critiche,riposo,1
critiche,social,1
critiche,toccata,1
crociata,Salvini,1
crociata,polemica,1
crociata,subito,1
cura,pieni,1
cura,poteri,1
davanti,18,1
davanti,mesi,1
davanti,strage,1
ddl,Mes,1
decreti,anti,1
decreti,virus,1
decreto,aprile,2
decreto,distanze,1
decreto,restano,1
denunciato,donna,1
denunciato,sfrattato,1
destra,5S,1
destra,Malumori,1
destra,Meloni,2
destra,Salvini,1
destra,attacca,1
destra,distanzia,1
destra,punta,1
destra,tecnici,1
destra,tradimento,1
deve,18,1
deve,anno,1
deve,braccialetto,1
deve,davanti,1
deve,mesi,1
deve,scontare,1
deve,solo,1
devono,collaborare,1
dialogo,destra,1
diario,Roma,1
diario,fredde,1
diario,notti,1
diario,strade,1
diario,stringersi,1
difende,Conte,1
difende,comunicazione,1
difende,critiche,1
difende,hacker,1
difende,mai,1
difende,predecessori,1
difende,responsabilità,1
difende,ringraziato,1
difende,scelta,1
difende,toccata,1
difficile,M5S,1
difficile,dopoguerra,1
difficile,fronda,1
difficile,ora,1
difficile,realismo,1
difficile,rischia,1
diktat,tv,1
diretta,Facebook,1
diretta,balcone,1
diretta,casa,1
diretta,pedone,1
diretta,polemica,1
diretta,spiaggia,1
diretta,stron,1
diretta,urlo,1
diretta,via,1
diretta,vicino,1
direttore,Repubblica Due,1
direttore,email,1
direttore,lettere,1
direttore,mesi,1
direttore,minacce,1
diritto,spesa,2
discorso,Conte,1
discorso,Mattarella,1
discorso,Salvini,1
discorso,gravissimo,1
discorso,telefona,1
discutere,aprile,1
discutere,decreto,1
disperata,figlio,1
disperata,grave,1
disperata,malato,1
disperata,roulotte,1
disse,dopo,1
distanzia,Salvini,1
dolore,Salvini,1
dolore,critiche,1
dolore,diretta,1
dolore,recitato,1
dolore,riposo,1
dolore,social,1
dolore,sommersi,1
domani,Buoni,1
domani,Conte,1
domani,edilizia,1
domani,fiscale,1
domani,guerra,1
domani,parlerò,1
domani,sanatoria,1
domiciliari,18,1
domiciliari,anno,1
domiciliari,braccialetto,1
domiciliari,davanti,1
domiciliari,deve,1
domiciliari,mesi,1
domiciliari,scontare,1
domiciliari,solo,1
donna,sfrattato,1
dopo,Conte,2
dopo,M5s,1
dopo,Mattarella,1
dopo,Salvini,1
dopo,Tg,1
dopo,attacco,1
dopo,centrodestra,1
dopo,discorso,1
dopo,gravissimo,1
dopo,ingiustificato,1
dopo,opposizioni,1
dopo,telefona,1
dovrebbe,chiedere,1
drammatica,maturità,1
drammatica,prova,1
due,Eurobond,1
due,Mes,1
due,ancora,1
due,compromesso,1
due,errori,1
due,fuochi,1
due,milioni,1
due,morbido,1
due,prepara,1
edilizia,Buoni,1
edilizia,guerra,1
edilizio,fiscale,1
egoismo,Maio,1
egoismo,Salvini,1
egoismo,alcuni,1
egoismo,governi,1
egoismo,partner,1
egoismo,salutare,1
elezioni,amministrative,1
elezioni,candidati,1
elezioni,ottobre,1
elezioni,regioni,1
elezioni,voto,1
elogio,Conte,1
elogio,bandiera,1
elogio,bipartisan,1
elogio,italiana,1
elogio,politica,1
elogio,posta,1
email,minacce,1
embargo,Libia,1
embargo,armi,1
emendamenti,Mattarella,1
emendamenti,monito,1
emendamenti,nonostante,1
emendamento,Cura Italia,1
emendamento,numero,1
emendamento,portabilità,1
emendamento,telefono,1
emendamento,vieta,1
emergenza,Parlamento,1
emergenza,scavalchi,1
emergenze,sanitarie,1
errore,annuncia,1
errore,bambini,1
errore,clamoroso,1
errore,genitori,1
errore,ospitare,1
errore,politico,1
errore,ricoverati,1
errore,struttura,1
esperimento,2015,1
esperimento,cinese,1
esperimento,coronavirus,1
esperimento,scienziati,1
esperimento,vedere,1
esposto,Verdi,1
esposto,davanti,1
esposto,possiamo,1
esposto,strage,1
esposto,tacere,1
essere,chiudere,1
essere,collaborativi,1
essere,motivo,1
essere,occhi,1
essere,senza,1
eterno,imbarazzo,1
eterno,provano,1
eurobond,Meloni,1
eurobond,Mes,1
eurobond,Salvini,1
eurobond,adeguato,1
eurobond,bisogno,1
europei,Maio,1
europei,dissoci,1
europei,vergognosi,1
extremis,Salvini,1
extremis,ancora,1
extremis,assessori,1
extremis,battaglia,1
extremis,maggioranza,1
extremis,partiti,1
extremis,sceglie,1
fagioli,arriva,1
fagioli,primavera,1
fake,leader,2
fake,news,2
fake,politici,2
falchi,Ue,1
fame,muovermi,1
fame,permesso,1
fame,senza,1
fame,soldi,1
farmacie,difficile,1
farmacie,dopoguerra,1
farmacie,premier,1
farmacie,sfida,1
favorevoli,stretta,1
favorito,Resta,1
favorito,ancora,1
favorito,centrodestra,1
favorito,rettore,1
felice,FT,1
felice,intervista,1
felice,nascere,1
ferita,città,1
ferma,annuncia,1
ferma,bambini,1
ferma,errore,1
ferma,genitori,1
ferma,ospitare,1
ferma,ricoverati,1
ferma,stato,1
ferma,struttura,1
feste,mascherine,1
feste,vietate,1
fidanzata,Pd,2
fidanzata,attaccano,2
fidanzata,diritto,2
fidanzata,polemica,1
fidanzata,spesa,2
fiducia,142,1
fiducia,Conte,1
fiducia,Cura Italia,2
fiducia,Lega,1
fiducia,Renzi,1
fiducia,bollinatura,1
fiducia,cabina,1
fiducia,calano,1
fiducia,farsa,1
fiducia,giallo,1
fiducia,governo,3
fiducia,limitazioni,1
fiducia,nuove,1
fiducia,opposizioni,1
fiducia,pressing,1
fiducia,regia,1
fiducia,testo,1
fiducia,velocemente,1
fiducia,virus,1
figlio,grave,1
figlio,malato,1
fine,Meloni,1
fine,Mes,1
fine,Salvini,1
fine,adeguato,1
fine,bisogno,1
fine,eurobond,1
finita,nazionale,1
finita,unità,1
finiti,strada,1
fino,3,1
fino,Meloni,1
fino,Mes,1
fino,Salvini,1
fino,adeguato,1
fino,alimentari,1
fino,aprile,1
fino,aziende,1
fino,bisogno,1
fino,difficile,1
fino,dopoguerra,1
fino,eurobond,1
fino,farmacie,1
fino,fine,1
fino,premier,1
fino,sfida,1
fino,strategiche,1
firmeranno,Mes,1
firmeranno,Parlamento,1
firmeranno,mezzo,1
firmeranno,sfiducia,1
fiscale,Buoni,1
fiscale,edilizia,1
fiscale,guerra,1
fondi,europei,1
foto,5S,1
foto,Pd,1
foto,ricordo,1
fragole,attendere,1
fragole,possono,1
fratello,Zen,1
fratello,boss,1
fratello,spesa,1
fronda,M5S,1
fronte,Merkel,1
fronte,quattordici,1
fumettista,Luzzati,1
fumettista,Repubblica,1
fumettista,articoli,1
fumettista,ispirate,1
fumettista,italiani,1
fumettista,medici,1
fumettista,vignette,1
fuochi,Eurobond,1
fuochi,Mes,1
fuochi,compromesso,1
fuochi,morbido,1
fuochi,prepara,1
furioso,2012,1
furioso,Meloni,1
furioso,Mes,1
furioso,Salvini,1
furioso,approvato,1
furioso,lavoriamo,1
furioso,notte,1
furioso,oscurità,1
furioso,scorsa,1
furioso,stato,1
futuro,Paese,2
futuro,caos,2
futuro,ora,2
garantirà,Libia,1
garantirà,armi,1
garantirà,embargo,1
gargarismi,candeggina,1
genitori,ricoverati,1
geografia,casa,1
gesti,sacerdoti,1
gesti,sacrificio,1
gesti,silenziosi,1
gestire,altre,1
gestire,emergenze,1
gestire,sanitarie,1
giallo,bollinatura,1
giallo,testo,1
giochi,palazzo,1
giorni,pandemia,1
giro,Mef,1
giro,italiani,1
giro,milioni,1
giro,necessari,1
giro,polemiche,1
giro,votiamo,1
governare,guerra,1
governare,militare,1
governare,stato,1
governatori,altre,1
governatori,chiusure,1
governatori,scelta,1
governatori,spetta,1
governatori,volete,1
governi,Maio,1
governi,Salvini,1
governi,partner,1
governi,salutare,1
governo,Bergamo,1
governo,Berlusconi,1
governo,Conte,2
governo,Cura Italia,2
governo,IV,1
governo,Lega,1
governo,Mef,1
governo,Mes,1
governo,Renzi,2
governo,accelera,1
governo,approvare,1
governo,aprile,1
governo,cabina,1
governo,calano,1
governo,centrodestra,1
governo,ddl,1
governo,decreto,1
governo,discutere,1
governo,duro,1
governo,farsa,1
governo,fiducia,1
governo,giro,1
governo,leader,2
governo,limitazioni,1
governo,mentre,1
governo,necessari,1
governo,nuove,1
governo,opposizione,1
governo,opposizioni,1
governo,polemiche,1
governo,porrà,1
governo,pressing,1
governo,prudente,1
governo,regia,1
governo,resta,1
governo,sindaco,1
governo,unità,1
governo,vedrà,1
governo,velocemente,1
governo,virus,1
gradimento,Conte,1
gradimento,fiducia,1
gradimento,governo,1
gradimento,limitazioni,1
gradimento,nuove,1
gradimento,virus,1
gradito,51%,1
gradito,italiani,1
grana,Trifoli,1
grana,denunciato,1
grana,donna,1
grana,sfrattato,1
grazie,Draghi,1
grazie,differenza,1
grazie,politica,1
grazie,unanime,1
groviglio,burocrazia,1
groviglio,cambiare,1
groviglio,marcia,1
groviglio,passo,1
groviglio,primo,1
guidare,rinascita,1
ieri,Facebook,1
ieri,diretta,1
ieri,via,1
imbarazzo,provano,1
imprenditrice,Est,1
imprenditrice,Landini,1
imprenditrice,Nord,1
imprenditrice,andrà,1
imprenditrice,avanti,1
imprenditrice,lockdown,1
imprenditrice,pochi,1
imprenditrice,resisteranno,1
imprenditrice,settimane,1
imprenditrice,vicina,1
imprese,ottobre,1
imprese,referendum,1
imprese,settembre,1
inadeguato,Italia,1
inadeguato,interessata,1
incoerenza,Senato,1
incoerenza,bagarre,1
incoerenza,scatta,1
indegne,Paese,2
indegne,civile,2
infingardi,Bruxelles,1
infuriare,credenti,1
inoltro,Salvini,1
inoltro,amici,1
inoltro,pochi,1
inoltro,poco,1
inoltro,spam,1
inseguimenti,diretta,1
inseguimenti,pedone,1
inseguimenti,polemica,1
inseguimenti,spiaggia,1
integrale,8,1
integrale,aprile,1
intenso,opposizioni,1
interno,europea,1
interno,sfida,1
intervenga,Firma,1
intervenga,M5s,1
intervenga,presto,1
intervenga,salvare,1
intervenga,vite,1
intervista,FT,1
intesa,anti,1
intesa,decreti,1
intesa,iter,1
intesa,semplificato,1
intesa,virus,1
ipotesi,condono,1
ironica,Toti,1
ispirate,Repubblica,1
ispirate,articoli,1
istituzioni,Paese,2
istituzioni,caos,1
istituzioni,civile,2
istituzioni,indegne,2
istituzioni,partiti,2
istituzioni,riparo,1
italiana,Conte,1
italiana,bandiera,1
italiana,posta,1
italiani,Repubblica,1
italiani,articoli,1
italiani,ispirate,1
italiani,votiamo,1
iter,anti,1
iter,decreti,1
iter,semplificato,1
iter,virus,1
laburista,Paese,2
laburista,cambi,2
laburista,idea,2
laburista,olandese,2
laburista,rigore,2
lavora,condono,1
lavora,nero,1
lavoriamo,oscurità,1
lavoro,51,1
lavoro,assunti,1
lavoro,nuovi,1
lavoro,strada,1
leader,51%,1
leader,Bergamo,1
leader,aprile,1
leader,centrodestra,1
leader,decreto,1
leader,discutere,1
leader,duro,1
leader,gradito,1
leader,italiani,1
leader,opposizione,1
leader,politici,2
leader,sindaco,1
leader,unità,1
leghista,5Stelle,1
leghista,Mattarella,1
leghista,appella,1
leghista,favorevoli,1
leghista,stretta,1
lettere,email,1
lettere,minacce,1
lettere,polemiche,1
lettere,politiche,1
libertà,individuali,1
limitazioni,virus,1
limiti,Salvini,1
limiti,amici,1
limiti,inoltro,1
limiti,pochi,1
limiti,poco,1
limiti,spam,1
liquidità,imprese,1
liquidità,ottobre,1
liquidità,referendum,1
liquidità,settembre,1
liste,assunzione,1
liste,attendere,1
liste,fragole,1
liste,possono,1
lockdown,andrà,1
lockdown,avanti,1
lockdown,pochi,1
lockdown,resisteranno,1
lockdown,settimane,1
mafia,Maio,1
mafia,aiuti,1
mafia,aspetta,1
mafia,dissoci,1
mafia,europei,1
mafia,vergognosi,1
mai,diktat,1
mai,predecessori,1
mai,toccata,1
mai,tv,1
malato,grave,1
martedì,2020,1
martedì,24,1
martedì,marzo,1
marzo,2020,1
medici,Repubblica,1
medici,articoli,1
medici,famiglia,1
medici,ispirate,1
medici,italiani,1
mentre,Renzi,1
mentre,accelera,1
mesi,email,1
mesi,lettere,1
mesi,minacce,1
messa,remoto,1
messa,solo,1
messe,Pasqua,1
mezzo,Mes,1
mezzo,Parlamento,1
mezzo,sfiducia,1
migliore,solidarietà,1
migranti,5S,1
migranti,Libia,1
migranti,Pd,1
migranti,Salvini,1
migranti,accusati,1
migranti,ancora,1
migranti,aver,1
migranti,costretto,1
migranti,foto,1
migranti,nave,1
migranti,ricordo,1
migranti,soccorsi,1
migranti,terrorismo,1
migranti,tornre,1
mila,mascherine,1
miliardi,M5S,1
miliardi,Pd,1
miliardi,confronto,1
miliardi,controlla,1
miliardi,fondi,1
miliardi,intenso,1
miliardi,opposizioni,1
miliardi,scontro,1
milioni,ancora,1
milioni,errori,1
milioni,italiani,1
milioni,pochi,1
milioni,votiamo,1
militare,guerra,1
militare,stato,1
minacce,Verdelli,1
minacce,democrazia,1
ministero,candeggina,1
ministero,gargarismi,1
ministero,sconsiglia,1
missione,Libia,1
missione,armi,1
missione,embargo,1
missione,garantirà,1
modello,Le Monde,1
modello,Lombardia,1
modello,attacca,1
modello,vergogna,1
modera,chiudere,1
modera,collaborativi,1
modera,essere,1
modera,occhi,1
modera,senza,1
modera,toni,1
monito,Mattarella,1
monumento,Senato,1
monumento,bagarre,1
monumento,incoerenza,1
monumento,scatta,1
morbido,Eurobond,1
morti,news,1
morti,situazione,1
morti,tutte,1
mosse,Mattarella,1
mosse,caos,1
mosse,istituzioni,1
mosse,riparo,1
mosse,tenere,1
muovermi,soldi,1
nascere,FT,1
nascere,intervista,1
naufrago,crocierista,1
nave,Libia,1
nave,soccorsi,1
nave,tornre,1
necessari,polemiche,1
negativo,tampone,1
nero,condono,1
news,leader,2
news,politici,2
news,situazione,1
nonostante,Mattarella,1
nonostante,monito,1
notizie,Italia,2
notte,2012,1
notte,lavoriamo,1
notte,oscurità,1
notti,fredde,1
numero,telefono,1
nuova,3,1
nuova,Conte,1
nuova,Trifoli,1
nuova,alimentari,1
nuova,aprile,1
nuova,aziende,1
nuova,denunciato,1
nuova,difficile,1
nuova,donna,1
nuova,dopoguerra,1
nuova,farmacie,1
nuova,fino,1
nuova,grana,1
nuova,premier,1
nuova,sfida,1
nuova,sfrattato,1
nuova,strategiche,1
nuova,stretta,1
nuove,limitazioni,1
nuove,virus,1
nuovi,assunti,1
nuovi,strada,1
oggi,Berlusconi,1
oggi,Meloni,1
ogni,costo,1
olandese,Paese,2
olandese,cambi,2
olandese,idea,2
olandese,rigore,2
opposizione,Bergamo,1
opposizione,chiedere,1
opposizione,dovrebbe,1
opposizione,duro,1
opposizione,sindaco,1
opposizione,unità,1
opposizioni,Conte,1
opposizioni,M5s,1
opposizioni,Tg,1
opposizioni,aprile,2
opposizioni,bollinatura,1
opposizioni,centrodestra,2
opposizioni,coinvolte,1
opposizioni,collaborare,1
opposizioni,decreto,2
opposizioni,devono,1
opposizioni,discutere,1
opposizioni,distanze,1
opposizioni,giallo,1
opposizioni,imprese,1
opposizioni,ingiustificato,1
opposizioni,leader,1
opposizioni,liquidità,1
opposizioni,ottobre,1
opposizioni,referendum,1
opposizioni,restano,1
opposizioni,settembre,1
opposizioni,testo,1
opposizioni,vedrà,1
ora,M5S,1
ora,caos,2
ora,fronda,1
ora,rischia,1
ore,finiremmo,1
ore,senza,1
ospitare,bambini,1
ospitare,genitori,1
ospitare,ricoverati,1
ottobre,candidati,1
ottobre,regioni,1
ottobre,voto,1
paese,giorni,1
paese,pandemia,1
parlamentari,Conte,1
parlamentari,Firma,1
parlamentari,M5s,1
parlamentari,intervenga,1
parlamentari,presto,1
parlamentari,salvare,1
parlamentari,vite,1
parlerò,Buoni,1
parlerò,Conte,1
parlerò,edilizia,1
parlerò,fiscale,1
parlerò,guerra,1
parlerò,sanatoria,1
parola,Draghi,1
parola,Papa,1
parola,proposta,1
parte,Salvini,1
parte,difende,1
parte,scelta,1
partita,M5S,1
partita,difficile,1
partita,fronda,1
partita,ora,1
partita,resta,1
partita,rischia,1
partiti,Paese,2
partiti,civile,2
partiti,indegne,2
partiti,maggioranza,1
passo,cambiare,1
passo,marcia,1
pazienti,Verdi,1
pazienti,anziani,1
pazienti,contagiati,1
pazienti,davanti,1
pazienti,esposto,1
pazienti,possiamo,1
pazienti,residenze,1
pazienti,strage,1
pazienti,tacere,1
pedone,polemica,1
pedone,spiaggia,1
pensionato,Giambellino,1
pensionato,R,1
pensionato,berretto,1
pensionato,premier,1
pensionato,saputo,1
pensionato,servizi,1
pensionato,sociali,1
pensionato,spiega,1
pensionato,via,1
permesso,muovermi,1
permesso,soldi,1
piccola,Bruxelles,1
piccola,Italia,1
piccola,Roma,1
piccoli,gesti,1
piccoli,sacerdoti,1
piccoli,sacrificio,1
piccoli,silenziosi,1
pieni,Orban,1
pieni,Pd,1
pieni,Salvini,1
pieni,autoritario,1
pieni,difende,1
pieni,parte,1
pieni,poteri,2
pieni,regime,1
pieni,scelta,1
pioggia,Mattarella,1
pioggia,emendamenti,1
pioggia,monito,1
pioggia,nonostante,1
pochi,amici,1
pochi,resisteranno,1
poco,amici,1
poco,pochi,1
poco,spam,1
polemica,Berlusconi,1
polemica,Mes,1
polemica,clamoroso,1
polemica,condizionalità,1
polemica,errore,1
polemica,rinuncia,1
polemica,sanità,1
polemica,senza,1
polemica,soldi,1
polemiche,politiche,1
politica,Conte,1
politica,Draghi,1
politica,attende,1
politica,bandiera,1
politica,differenza,1
politica,difficile,1
politica,italiana,1
politica,posta,1
politica,realismo,1
politica,soluzioni,1
politica,sospesa,1
politici,Il M5s,1
politici,Lega,1
politici,sale,1
politici,sempre,1
politici,stabile,1
porrà,Cura Italia,1
porrà,cabina,1
porrà,fiducia,1
porrà,pressing,1
porrà,regia,1
porrà,velocemente,1
portabilità,numero,1
portabilità,telefono,1
porti,Covid,1
porti,chiusi,1
porti,coronavirus,1
porti,essere,1
porti,motivo,1
positivo,Conte,1
positivo,agente,1
positivo,bene,1
positivo,negativo,1
positivo,premier,1
positivo,scorta,1
positivo,tampone,1
possiamo,altre,1
possiamo,davanti,1
possiamo,emergenze,1
possiamo,gestire,1
possiamo,sanitarie,1
possiamo,strage,1
possiamo,tacere,1
possono,attendere,1
posta,bandiera,1
poteri,Orban,1
poteri,Pd,1
poteri,Salvini,1
poteri,autoritario,1
poteri,difende,1
poteri,parte,1
poteri,regime,1
poteri,scelta,1
precisa,Berlusconi,1
precisa,IV,1
precisa,Mes,1
precisa,approvare,1
precisa,ddl,1
precisa,governo,1
pregare,bagno,1
pregare,fedele,1
preghiera,Salvini,1
preghiera,credenti,1
preghiera,infuriare,1
premier,Eurobond,1
premier,Mes,1
premier,bene,1
premier,compromesso,1
premier,difficile,1
premier,dopoguerra,1
premier,due,1
premier,fuochi,1
premier,morbido,1
premier,negativo,1
premier,prepara,1
premier,saputo,1
premier,servizi,1
premier,sfida,1
premier,sociali,1
premier,spiega,1
premier,tampone,1
preoccupato,Salvini,1
preoccupato,clima,1
preoccupato,guerriglia,1
preoccupato,promette,1
preoccupato,scontro,1
prepara,Eurobond,1
prepara,Mes,1
prepara,compromesso,1
prepara,morbido,1
presa,giro,1
presa,italiani,1
presa,milioni,1
presa,votiamo,1
pressing,cabina,1
pressing,regia,1
pressing,velocemente,1
presto,Firma,1
presto,M5s,1
presto,salvare,1
presto,vite,1
prima,2020,1
prima,24,1
prima,bella,1
prima,cosa,1
prima,martedì,1
prima,marzo,1
primo,cambiare,1
primo,marcia,1
primo,passo,1
promette,guerriglia,1
propongono,Cura Italia,1
propongono,emendamento,1
propongono,numero,1
propongono,portabilità,1
propongono,telefono,1
propongono,vieta,1
proposta,Draghi,1
proposta,revoca,1
proposta,trattato,1
prova,maturità,1
prudente,Renzi,1
prudente,accelera,1
prudente,mentre,1
pulita,15,1
pulita,21,1
pulita,La7,1
punta,tecnici,1
quarantena,Cas,1
quarantena,centri,1
quasi,ancora,1
quasi,due,1
quasi,errori,1
quasi,milioni,1
quasi,quota,1
quattordici,Merkel,1
quattro,arriva,1
quattro,fagioli,1
quattro,primavera,1
quota,ancora,1
quota,due,1
quota,errori,1
quota,milioni,1
rafforzare,individuali,1
rafforzare,libertà,1
rafforzare,ricerca,1
rafforzare,sanità,1
rassegna,8,1
rassegna,Luca Bottura,1
rassegna,aprile,1
rassegna,casalinga,1
rassegna,integrale,1
rassegna,stampa,1
recitato,diretta,1
record,europei,1
record,fondi,1
referendum,ottobre,1
referendum,settembre,1
regia,velocemente,1
regime,Salvini,1
regime,autoritario,1
regime,difende,1
regime,parte,1
regime,scelta,1
regioni,candidati,1
regioni,voto,1
replica,Conte,1
replica,buca,1
replica,censuro,1
replica,lettere,1
replica,polemiche,1
replica,politiche,1
replica,tv,1
residenze,Verdi,1
residenze,anziani,1
residenze,davanti,1
residenze,esposto,1
residenze,possiamo,1
residenze,strage,1
residenze,tacere,1
responsabilità,mai,1
responsabilità,predecessori,1
responsabilità,toccata,1
resta,M5S,1
resta,Renzi,1
resta,accelera,1
resta,difficile,1
resta,fronda,1
resta,mentre,1
resta,ora,1
resta,prudente,1
resta,rischia,1
restano,distanze,1
rettore,Resta,1
revoca,trattato,1
riapertura,Fontana,1
riapertura,Zaia,1
riapertura,accordo,1
riapertura,chiedilo,1
riapertura,chiese,1
riaprire,Renzi,1
riaprire,accelera,1
riaprire,governo,1
riaprire,mentre,1
riaprire,prudente,1
riaprire,resta,1
ricerca,individuali,1
ricerca,libertà,1
ricordo,5S,1
ricordo,Pd,1
rider,finiti,1
rider,strada,1
ridisegna,confini,1
rigore,Paese,2
rigore,cambi,2
rigore,idea,2
ringraziato,mai,1
ringraziato,predecessori,1
ringraziato,responsabilità,1
ringraziato,toccata,1
rinuncia,clamoroso,1
rinuncia,errore,1
rinvio,amministrative,1
rinvio,candidati,1
rinvio,elezioni,1
rinvio,ottobre,1
rinvio,regioni,1
rinvio,voto,1
riparo,caos,1
riparte,Conte La,1
riparte,assedio,1
riparte,destra,1
riparte,punta,1
riparte,tecnici,1
ripartire,apre,1
ripartire,condono,1
ripartire,ipotesi,1
riposo,diretta,1
riposo,recitato,1
risarcire,Rai Palazzo Chigi,1
risarcire,diktat,1
risarcire,mai,1
risarcire,sovranisti,1
risarcire,tv,1
riscatto,Sala,1
riscatto,attende,1
riscatto,guidare,1
riscatto,rinascita,1
riscatto,tocca,1
rischia,M5S,1
rischia,fronda,1
risponde,Ciriaco,1
risponde,Italia,1
risponde,Mes,1
risponde,Repubblica,1
risponde,inadeguato,1
risponde,interessata,1
risultati,veloci,1
risvolto,europea,1
risvolto,interno,1
risvolto,sfida,1
rivolta,risultati,1
rivolta,sindaci,1
rivolta,test,1
rivolta,veloci,1
rompono,finita,1
rompono,nazionale,1
rompono,tregua,1
rompono,unità,1
roulotte,figlio,1
roulotte,grave,1
roulotte,malato,1
sacrificio,sacerdoti,1
sale,Il M5s,1
sale,stabile,1
salutare,Maio,1
salutare,partner,1
salvare,Europa,1
salvare,Firma,1
salvare,M5s,1
salvare,vite,1
sanatoria,Buoni,1
sanatoria,edilizia,1
sanatoria,fiscale,1
sanatoria,guerra,1
sanità,Berlusconi,1
sanità,clamoroso,1
sanità,condizionalità,1
sanità,errore,1
sanità,individuali,1
sanità,libertà,1
sanità,privatizzata,1
sanità,ricerca,1
sanità,rinuncia,1
sanità,senza,1
saputo,servizi,1
saputo,sociali,1
saputo,trasmesso,1
scatta,bagarre,1
scavalchi,Parlamento,1
sceglie,ancora,1
sceglie,assessori,1
sceglie,battaglia,1
sceglie,maggioranza,1
sceglie,partiti,1
scelta,Papa,1
scelta,serve,1
scelta,spetta,1
scenario,Draghi,1
scenario,giochi,1
scenario,palazzo,1
scienza,Dio,1
scienza,Salvini,1
scienza,basta,2
scienza,buon,1
scienza,crociata,1
scienza,polemica,1
scienza,serve,1
scienza,sola,1
scienza,subito,1
scienza,ultima,1
scienziati,coronavirus,1
scienziati,vedere,1
sconsiglia,candeggina,1
sconsiglia,gargarismi,1
scontare,18,1
scontare,anno,1
scontare,braccialetto,1
scontare,davanti,1
scontare,mesi,1
scontare,solo,1
scontro,Conte,1
scontro,M5S,1
scontro,M5s,1
scontro,Pd,1
scontro,Salvini,1
scontro,Tg,1
scontro,Vigilanza,1
scontro,attacco,1
scontro,centrodestra,1
scontro,controlla,1
scontro,dopo,1
scontro,fondi,1
scontro,guerriglia,1
scontro,ingiustificato,1
scontro,opposizioni,1
scontro,promette,1
scorsa,2012,1
scorsa,lavoriamo,1
scorsa,notte,1
scorsa,oscurità,1
scorta,Conte,1
scorta,Repubblica Due,1
scorta,bene,1
scorta,direttore,1
scorta,email,1
scorta,lettere,1
scorta,mesi,1
scorta,minacce,1
scorta,negativo,1
scorta,premier,1
scorta,tampone,1
semplificato,anti,1
semplificato,decreti,1
semplificato,virus,1
sempre,Il M5s,1
sempre,sale,1
sempre,stabile,1
sente,Bergamo,1
sente,duro,1
sente,governo,1
sente,leader,1
sente,opposizione,1
sente,sindaco,1
sente,unità,1
senza,Berlusconi,1
senza,chiudere,1
senza,clamoroso,1
senza,condizionalità,1
senza,errore,1
senza,finiremmo,1
senza,muovermi,1
senza,occhi,1
senza,oste,1
senza,permesso,1
senza,rinuncia,1
senza,soldi,1
serve,Dio,1
serve,FT,1
serve,aiuto,1
serve,buon,1
serve,felice,1
serve,intervista,1
serve,nascere,1
servizi,400,1
servizi,milioni,1
servizi,pochi,1
servizi,sindaci,1
servizi,sociali,2
settembre,ottobre,1
settimana,opportunistica,1
settimane,pochi,1
settimane,resisteranno,1
sfida,difficile,1
sfida,dopoguerra,1
sfida,europea,1
sfiducia,Parlamento,1
sicura,finiti,1
sicura,rider,1
sicura,strada,1
silenziosi,sacerdoti,1
silenziosi,sacrificio,1
sindaci,400,1
sindaci,milioni,1
sindaci,pochi,1
sindaci,risultati,1
sindaci,test,1
sindaci,veloci,1
sindaco,Bergamo,1
sindaco,Civitavecchia Tedesco,1
sindaco,Resta,1
sindaco,altre,1
sindaco,ancora,1
sindaco,attracchi,1
sindaco,centrodestra,1
sindaco,duro,1
sindaco,emergenze,1
sindaco,favorito,1
sindaco,gestire,1
sindaco,possiamo,1
sindaco,rettore,1
sindaco,sanitarie,1
smarca,Salvini,1
smarca,ancora,1
smarca,messa,1
smarca,remoto,1
smarca,solo,1
soccorsi,Libia,1
soccorsi,tornre,1
social,diretta,1
social,recitato,1
social,riposo,1
sociali,400,1
sociali,milioni,1
sociali,pochi,1
sociali,sindaci,1
sola,Dio,1
sola,basta,1
sola,buon,1
sola,serve,1
soldi,Berlusconi,1
soldi,apre,1
soldi,aprile,1
soldi,autonomi,1
soldi,buoni,1
soldi,clamoroso,1
soldi,condizionalità,1
soldi,errore,1
soldi,lombardi,1
soldi,opposizioni,1
soldi,rinuncia,1
soldi,sanità,1
soldi,senza,1
solitudine,accettiamo,1
solitudine,contagio,1
solitudine,solidarietà,1
solo,18,1
solo,briciole,1
solo,davanti,1
solo,mesi,1
solo,remoto,1
soluzione,48,1
soluzione,finiremmo,1
soluzione,ore,1
soluzione,senza,1
sommersi,critiche,1
sommersi,diretta,1
sommersi,recitato,1
sommersi,riposo,1
sommersi,social,1
sospesa,attende,1
sospesa,soluzioni,1
sovranisti,Rai Palazzo Chigi,1
sovranisti,diktat,1
sovranisti,mai,1
sovranisti,tv,1
spam,amici,1
spam,pochi,1
spasso,Pd,2
spasso,Roma,3
spasso,attaccano,2
spasso,diritto,2
spasso,fidanzata,3
spasso,polemica,1
spasso,spesa,2
spesa,400,1
spesa,Zen,1
spesa,affidati,1
spesa,milioni,1
spesa,pochi,1
spesa,servizi,1
spesa,sindaci,1
spesa,sociali,1
spiaggia,polemica,1
spiega,saputo,1
spiega,servizi,1
spiega,sociali,1
stampa,8,1
stampa,Luca Bottura,1
stampa,aprile,1
stampa,casalinga,1
stampa,integrale,1
stato,2012,1
stato,annuncia,1
stato,approvato,1
stato,bambini,1
stato,errore,1
stato,genitori,1
stato,guerra,1
stato,lavoriamo,1
stato,notte,1
stato,oscurità,1
stato,ospitare,1
stato,ricoverati,1
stato,scorsa,1
stato,struttura,1
strade,Roma,1
strade,fredde,1
strade,notti,1
strade,stringersi,1
strategiche,alimentari,1
strategiche,difficile,1
strategiche,dopoguerra,1
strategiche,farmacie,1
strategiche,premier,1
strategiche,sfida,1
stretta,3,1
stretta,Conte,1
stretta,alimentari,1
stretta,aprile,1
stretta,aziende,1
stretta,difficile,1
stretta,dopoguerra,1
stretta,farmacie,1
stretta,fino,1
stretta,premier,1
stretta,sfida,1
stretta,strategiche,1
stringersi,fredde,1
stringersi,notti,1
struttura,bambini,1
struttura,genitori,1
struttura,ospitare,1
struttura,ricoverati,1
stupidario,populista,1
subito,polemica,1
svolta,Conte,1
svolta,Ue,1
svolta,falchi,1
tacere,davanti,1
tacere,strage,1
telefona,Mattarella,1
telefona,gravissimo,1
telefonata,Foa,1
telefonata,Rai Palazzo Chigi,1
telefonata,Salvini,1
telefonata,diktat,1
telefonata,mai,1
telefonata,risarcire,1
telefonata,sovranisti,1
telefonata,tv,1
tenere,caos,1
tenere,istituzioni,1
tenere,riparo,1
terrorismo,Libia,1
terrorismo,aver,1
terrorismo,costretto,1
terrorismo,nave,1
terrorismo,soccorsi,1
terrorismo,tornre,1
test,risultati,1
test,veloci,1
tinta,testa,1
tocca,guidare,1
tocca,rinascita,1
toccata,predecessori,1
toni,chiudere,1
toni,collaborativi,1
toni,essere,1
toni,occhi,1
toni,senza,1
torna,Irini,1
torna,Libia,1
torna,armi,1
torna,campo,1
torna,embargo,1
torna,garantirà,1
torna,missione,1
tornre,Libia,1
tradimento,5S,1
tradimento,Malumori,1
tre,Libia,1
tre,accusati,1
tre,ancora,1
tre,aver,1
tre,costretto,1
tre,migranti,1
tre,nave,1
tre,soccorsi,1
tre,terrorismo,1
tre,tornre,1
tregua,Salvini,1
tregua,ancora,1
tregua,assessori,1
tregua,battaglia,1
tregua,extremis,1
tregua,finita,1
tregua,maggioranza,1
tregua,nazionale,1
tregua,partiti,1
tregua,sceglie,1
tregua,unità,1
trovare,48,1
trovare,finiremmo,1
trovare,ore,1
trovare,senza,1
trovare,soluzione,1
tutte,news,1
tutte,situazione,1
tv,buca,1
tv,lettere,1
tv,polemiche,1
tv,politiche,1
ultima,Salvini,1
ultima,crociata,1
ultima,polemica,1
ultima,subito,1
ultime,Italia,2
ultime,notizie,2
ultimi,apre,1
ultimi,condono,1
ultimi,ipotesi,1
ultimi,ripartire,1
unanime,Draghi,1
unanime,differenza,1
unanime,politica,1
unitevi,Europa,1
unitevi,salvare,1
unità,Bergamo,1
unità,duro,1
unità,nazionale,1
unità,sindaco,1
urlo,casa,1
urlo,stron,1
urlo,vicino,1
vedere,coronavirus,1
vedrà,aprile,1
vedrà,centrodestra,1
vedrà,decreto,1
vedrà,discutere,1
vedrà,leader,1
vergognosi,dissoci,1
verso,amministrative,1
verso,candidati,1
verso,elezioni,1
verso,ottobre,1
verso,regioni,1
verso,rinvio,1
verso,voto,1
vertice,Palazzo Chigi,1
vertice,aprile,1
vertice,coinvolte,1
vertice,decreto,1
vertice,distanze,1
vertice,opposizioni,1
vertice,restano,1
via,Facebook,1
via,Giambellino,1
via,berretto,1
via,premier,1
via,saputo,1
via,servizi,1
via,sociali,1
via,spiega,1
vicina,Est,1
vicina,Landini,1
vicina,Nord,1
vicina,andrà,1
vicina,avanti,1
vicina,lockdown,1
vicina,pochi,1
vicina,resisteranno,1
vicina,settimane,1
vicino,casa,1
vicino,stron,1
video,Milano,1
video,annuncia,1
video,bambini,1
video,errore,1
video,ferma,1
video,genitori,1
video,ospitare,1
video,ricoverati,1
video,stato,1
video,struttura,1
vieta,numero,1
vieta,portabilità,1
vieta,telefono,1
vietate,mascherine,1
vignette,Repubblica,1
vignette,articoli,1
vignette,ispirate,1
vignette,italiani,1
vignette,medici,1
vince,5S,1
vince,Malumori,1
vince,Meloni,1
vince,attacca,1
vince,destra,1
vince,tradimento,1
virus,colpisce,2
virus,confini,1
virus,deboli,1
virus,difficile,1
virus,politica,1
virus,privatizzata,1
virus,realismo,1
virus,ridisegna,1
virus,sanità,1
vita,disperata,1
vita,figlio,1
vita,grave,1
vita,malato,1
vita,roulotte,1
vite,Firma,1
vite,M5s,1
volete,altre,1
volete,chiusure,1
volete,scelta,1
volete,spetta,1
vorrei,apre,1
vorrei,condono,1
vorrei,ipotesi,1
vorrei,ripartire,1
vorrei,ultimi,1
vota,142,1
vota,bollinatura,1
vota,fiducia,1
vota,giallo,1
vota,opposizioni,1
vota,testo,1
voti,proposta,1
voti,revoca,1
voti,trattato,1
voto,candidati,1
vuole,Dio,1
vuole,Mes,1
vuole,Pasqua,1
vuole,aperte,1
vuole,basta,1
vuole,buon,1
vuole,chiese,1
vuole,governare,1
vuole,guerra,1
vuole,militare,1
vuole,proposta,1
vuole,revoca,1
vuole,scienza,1
vuole,serve,1
vuole,sola,1
vuole,stato,1
vuole,trattato,1
vuole,voti,1
vuota,Papa,1
vuota,scelta,1
vuota,serve,1
